{"sections":{"rich_text":{"type":"rich-text","blocks":{"heading":{"type":"heading","settings":{"heading":"<p><strong>Hatch Commerce<\/strong><\/p>","heading_size":"hxl"}},"text":{"type":"text","settings":{"text":"<p><strong>ECommerce business creation, optimization, branding, scaling and SEO!<\/strong><\/p>"}},"644bbd1e-b410-46b5-b535-ec480b8b323f":{"type":"button","settings":{"button_label":"E-Commerce","button_link":"","button_style_secondary":true,"button_label_2":"Drop Ship","button_link_2":"","button_style_secondary_2":true}}},"block_order":["heading","text","644bbd1e-b410-46b5-b535-ec480b8b323f"],"settings":{"desktop_content_position":"center","content_alignment":"center","color_scheme":"background-1","full_width":true,"padding_top":40,"padding_bottom":0}},"multicolumn":{"type":"multicolumn","blocks":{"6d7c9787-ade5-4617-9ca9-c3ee09ea6cec":{"type":"column","settings":{"image":"shopify:\/\/shop_images\/IMG_2778.png","title":"","text":"","link_label":"Hatch","link":"https:\/\/holoapps.myshopify.com"}},"column1":{"type":"column","settings":{"image":"shopify:\/\/shop_images\/Shopify_Logo.png","title":"","text":"","link_label":"Shopify","link":"https:\/\/www.shopify.com\/login"}},"column3":{"type":"column","settings":{"image":"shopify:\/\/shop_images\/IMG_3823.png","title":"","text":"","link_label":"DSers","link":"https:\/\/www.dsers.com\/app\/register"}},"7b0eb729-c56c-4124-b92b-1b1b43424f74":{"type":"column","settings":{"image":"shopify:\/\/shop_images\/IMG_6882.png","title":"","text":"","link_label":"Amazon Seller","link":"https:\/\/sell.amazon.com\/?ref_=asus_soa_rd&ref=sc_us_soa_login_v2&amp&ld=SCSOAlogin&apCustomerCancelled=true"}},"b1112555-ec26-4289-af01-7954014bae17":{"type":"column","settings":{"image":"shopify:\/\/shop_images\/IMG_6881.png","title":"","text":"","link_label":"Walmart Seller","link":"https:\/\/seller.walmart.com\/signup"}},"e128672e-f658-4c07-adc1-5fbe2c1b8f65":{"type":"column","settings":{"image":"shopify:\/\/shop_images\/IMG_6488.png","title":"","text":"","link_label":"Tigers Heart Commerce","link":"https:\/\/tigers-heart.myshopify.com"}},"column2":{"type":"column","settings":{"image":"shopify:\/\/shop_images\/IMG_3822.png","title":"","text":"","link_label":"Meta Business Suite","link":"https:\/\/www.facebook.com\/business\/tools\/facebook-pages?content_id=UYeGzpA0bya6y3O&ref=sem_smb&utm_term=aud-1392154218209%3Adsa-1724838626821&gclid=CjwKCAiAy_CcBhBeEiwAcoMRHD45ViMXT7Hzs1eZm0p1OHJwT-M4vTOpAeURR09xr4rsO1yrUsDHGBoCVisQAvD_BwE"}},"847d00e6-41d5-4290-bf34-36fad99eab7e":{"type":"column","settings":{"image":"shopify:\/\/shop_images\/IMG_6880.png","title":"","text":"","link_label":"Pinterest Shopping","link":"https:\/\/pinterest.com\/login"}},"a236327f-e940-4ffe-b5fa-ec78b96f6d0b":{"type":"column","settings":{"image":"shopify:\/\/shop_images\/IMG_3941.png","title":"","text":"","link_label":"TikTok Shopping","link":"https:\/\/tiktok.com\/register"}},"45411101-2be5-42cb-babb-ad8df868d63c":{"type":"column","settings":{"image":"shopify:\/\/shop_images\/IMG_5735.png","title":"","text":"","link_label":"Twitter Shopping","link":"https:\/\/twitter.com\/login"}},"a75e620a-b17e-4878-82e0-2b837f314b01":{"type":"column","settings":{"image":"shopify:\/\/shop_images\/IMG_6361.png","title":"","text":"","link_label":"Youtube","link":"https:\/\/www.youtube.com\/login"}},"96a32fb7-003a-4557-a833-227abff03198":{"type":"column","settings":{"image":"shopify:\/\/shop_images\/IMG_5204.png","title":"","text":"<p>Linktree <\/p>","link_label":"Linktree Shopping","link":"https:\/\/linktr.ee\/login"}},"c457c303-dbed-43fe-b90d-75dfa13e0c36":{"type":"column","disabled":true,"settings":{"title":"AliExpress","text":"<p>Pair text with an image to focus on your chosen product, collection, or blog post. Add details on availability, style, or even provide a review.<\/p>","link_label":"","link":""}}},"block_order":["6d7c9787-ade5-4617-9ca9-c3ee09ea6cec","column1","column3","7b0eb729-c56c-4124-b92b-1b1b43424f74","b1112555-ec26-4289-af01-7954014bae17","e128672e-f658-4c07-adc1-5fbe2c1b8f65","column2","847d00e6-41d5-4290-bf34-36fad99eab7e","a236327f-e940-4ffe-b5fa-ec78b96f6d0b","45411101-2be5-42cb-babb-ad8df868d63c","a75e620a-b17e-4878-82e0-2b837f314b01","96a32fb7-003a-4557-a833-227abff03198","c457c303-dbed-43fe-b90d-75dfa13e0c36"],"settings":{"title":"E-Commerce Integrations:","heading_size":"h1","image_width":"half","image_ratio":"adapt","columns_desktop":6,"column_alignment":"center","background_style":"primary","button_label":"Commerce APP Integrations","button_link":"","color_scheme":"background-1","columns_mobile":"2","swipe_on_mobile":false,"padding_top":60,"padding_bottom":56}},"5a1cdac4-3950-43b0-bafd-d7d3e3efc04e":{"type":"video","settings":{"heading":"","heading_size":"h2","cover_image":"shopify:\/\/shop_images\/Hatch_Commece_Galaxy.png","video_url":"https:\/\/www.youtube.com\/watch?v=_9VUPq3SxOc","description":"","full_width":true,"color_scheme":"background-1","padding_top":16,"padding_bottom":12}}},"order":["rich_text","multicolumn","5a1cdac4-3950-43b0-bafd-d7d3e3efc04e"]}